user_id,segment,primary_intent,age_group,marital_status,has_children,income_level,preferred_districts,min_bedrooms,budget_min,budget_max,property_type,liked_amenities
usr_1000,affordable,buy_for_living,50+,married,True,medium_high,Quận 3,2,2.0,2.4,Căn hộ,kids_playground|near_hospital|near_bus
usr_1001,affordable,buy_for_living,20-30,married,True,medium,Quận Bình Thạnh|Quận Gò Vấp|Quận Tân Bình,2,1.8,2.7,Biệt thự,near_school|elevator
usr_1002,affordable,buy_for_living,50+,single,False,medium,Quận Bình Thạnh,2,1.7,2.7,Căn hộ,parking|pool
usr_1003,affordable,investment,40-50,single,False,medium,Quận 7|Quận 1,1,1.9,3.0,Nhà phố|Căn hộ,near_mall|security_24h|sports_court
usr_1004,affordable,buy_for_living,30-40,single,False,medium,Quận Tân Bình|Quận 2,2,1.8,2.9,Căn hộ,parking|gym
usr_1005,mid_range,investment,30-40,married,False,medium,Quận 1|Phường Dĩ An|Phường Long Bình,2,3.6,7.1,Căn hộ,near_mall|near_market|near_bus|near_metro
usr_1006,affordable,rent,30-40,married,True,medium,Quận 7|Quận 9,2,1.5,2.2,Nhà phố,near_school|pool
usr_1007,affordable,buy_for_living,20-30,single,False,medium_high,Phường Dĩ An|Quận 7|Quận 1,1,1.6,2.8,Nhà phố,near_metro|gym
usr_1008,affordable,buy_for_living,30-40,married,True,medium,Quận 1,2,2.0,2.8,Căn hộ|Nhà phố,park|pool|elevator
usr_1009,mid_range,rent,40-50,married,True,high,Quận 9,2,5.1,7.9,Căn hộ|Đất nền,park|near_hospital
usr_1010,affordable,investment,40-50,married,False,medium,Quận 9|Phường Long Bình|Quận 3,1,1.4,3.0,Căn hộ|Nhà phố,security_24h|pool
usr_1011,luxury,rent,30-40,single,False,medium_high,Quận Gò Vấp|Quận Thủ Đức|Quận 1,2,9.2,28.2,Căn hộ,pool|near_metro
usr_1012,affordable,buy_for_living,30-40,single,False,medium,Quận 9|Quận 2,2,1.8,2.3,Nhà phố,near_bus|near_metro
usr_1013,mid_range,buy_for_living,30-40,single,False,medium_high,Quận 3,2,4.0,6.6,Biệt thự,gym|pool
usr_1014,affordable,buy_for_living,30-40,single,False,medium,Quận Thủ Đức,2,1.5,2.5,Căn hộ,elevator|near_metro
usr_1015,affordable,rent,50+,single,False,medium_high,Quận 7,1,2.0,2.7,Căn hộ|Đất nền,parking|elevator
usr_1016,mid_range,investment,30-40,single,True,medium_high,Quận Gò Vấp|Quận Thủ Đức|Quận 7,2,3.3,7.0,Đất nền,kids_playground|park|near_mall
usr_1017,luxury,rent,30-40,married,True,medium_high,Quận 2|Quận Bình Thạnh,2,8.5,25.6,Đất nền|Căn hộ,near_hospital|gym
usr_1018,mid_range,buy_for_living,20-30,married,True,medium_high,Phường Long Bình|Phường An Phú|Quận 3,2,5.0,8.0,Căn hộ|Đất nền,kids_playground|park|near_hospital|sports_court
usr_1019,affordable,rent,40-50,married,False,medium_high,Quận 9|Quận 4,2,1.9,3.0,Căn hộ,sports_court|near_metro
usr_1020,affordable,buy_for_living,30-40,married,True,medium_high,Quận Thủ Đức,2,1.9,3.0,Căn hộ,park|near_hospital|near_bus
usr_1021,affordable,buy_for_living,40-50,married,False,medium_high,Quận 9|Quận Bình Thạnh|Phường Hiệp Bình,1,2.0,2.2,Căn hộ|Đất nền,near_metro|parking
usr_1022,affordable,buy_for_living,40-50,single,False,medium_high,Quận 1|Quận Tân Bình|Phường An Phú,2,1.3,2.1,Nhà phố|Đất nền,near_bus|pool
usr_1023,mid_range,investment,30-40,married,True,medium,Quận 1|Quận Gò Vấp|Quận Thủ Đức,2,3.4,7.6,Nhà phố,park|security_24h
usr_1024,affordable,buy_for_living,30-40,single,True,medium_high,Quận 7|Phường Dĩ An,2,1.4,2.1,Đất nền,kids_playground|near_hospital|sports_court
usr_1025,affordable,investment,20-30,married,True,medium_high,Phường Long Bình,2,1.3,2.1,Căn hộ|Đất nền,near_school|near_hospital|near_market|elevator
usr_1026,mid_range,buy_for_living,20-30,married,True,medium,Quận Gò Vấp|Quận 9,2,5.0,5.7,Căn hộ,near_hospital|parking
usr_1027,mid_range,investment,20-30,married,False,medium,Quận 9,1,3.2,5.6,Căn hộ|Nhà phố,near_market|security_24h|gym
usr_1028,affordable,rent,20-30,single,False,medium,Quận Gò Vấp|Phường Dĩ An|Quận 4,2,1.5,2.7,Nhà phố,elevator|near_metro
usr_1029,affordable,buy_for_living,40-50,single,False,medium,Quận 7,1,1.7,2.6,Căn hộ|Đất nền,elevator|near_metro
usr_1030,affordable,rent,50+,single,False,medium,Quận 2|Quận 7|Quận Bình Thạnh,1,1.9,2.5,Căn hộ,near_bus|pool
usr_1031,luxury,buy_for_living,20-30,married,False,medium,Quận 7|Quận 1,2,12.8,21.5,Căn hộ,parking|near_bus
usr_1032,affordable,rent,30-40,married,True,medium,Quận 1|Quận 2,2,1.7,2.8,Đất nền,near_school|near_bus
usr_1033,affordable,rent,40-50,single,False,medium,Quận 7|Quận 9,2,1.4,2.5,Căn hộ,sports_court|parking
usr_1034,affordable,rent,30-40,married,True,high,Quận 9|Quận 2,2,1.4,2.7,Căn hộ|Đất nền,near_school|near_metro
usr_1035,mid_range,investment,40-50,single,False,high,Phường Hiệp Bình|Quận 9,1,3.2,7.0,Đất nền|Nhà phố,near_mall|near_market|security_24h|gym
usr_1036,mid_range,investment,20-30,single,False,medium,Quận Bình Thạnh|Quận 1,2,3.3,5.8,Căn hộ,near_market|security_24h
usr_1037,affordable,buy_for_living,30-40,single,False,medium,Quận 7|Quận Tân Bình|Quận 1,2,1.2,2.2,Biệt thự,sports_court|near_bus
usr_1038,affordable,buy_for_living,20-30,married,False,medium,Quận Tân Bình|Quận Gò Vấp,1,1.3,2.4,Căn hộ,elevator|parking
usr_1039,mid_range,buy_for_living,30-40,single,False,medium,Quận 9|Quận 7,2,4.5,5.8,Căn hộ,near_bus|sports_court
usr_1040,affordable,buy_for_living,30-40,single,False,medium,Quận 9|Quận 1,2,1.3,2.4,Căn hộ|Đất nền,near_metro|gym
usr_1041,affordable,buy_for_living,50+,married,False,high,Quận 3,1,1.9,2.5,Căn hộ,parking|near_bus
usr_1042,affordable,buy_for_living,50+,single,False,medium_high,Quận Thủ Đức|Quận Bình Thạnh,1,1.6,2.9,Đất nền,sports_court|near_metro
usr_1043,affordable,buy_for_living,50+,married,False,medium_high,Phường Long Bình|Quận Gò Vấp|Phường Dĩ An,2,1.5,2.2,Nhà phố,near_metro|sports_court
usr_1044,affordable,buy_for_living,20-30,single,False,medium,Quận Bình Thạnh,1,1.8,2.4,Đất nền|Căn hộ,gym|near_metro
usr_1045,mid_range,buy_for_living,40-50,single,False,medium_high,Quận Thủ Đức|Quận 7|Quận Tân Bình,2,5.1,6.8,Căn hộ,elevator|parking
usr_1046,mid_range,buy_for_living,30-40,married,False,medium,Quận 7,1,3.2,7.1,Căn hộ|Đất nền,pool|parking
usr_1047,mid_range,investment,40-50,married,True,high,Quận 3|Quận 2|Phường Long Bình,2,3.6,5.6,Căn hộ|Biệt thự,near_school|near_mall|near_market|near_metro
usr_1048,affordable,buy_for_living,40-50,single,False,high,Quận 7|Phường Long Bình|Quận 3,1,1.6,2.6,Căn hộ,sports_court|near_metro
usr_1049,affordable,buy_for_living,30-40,married,True,medium_high,Quận 9|Quận 1|Quận 4,2,1.5,2.2,Căn hộ,park|elevator
usr_1050,affordable,investment,50+,married,True,medium,Phường Long Bình|Quận 1,2,1.3,2.2,Nhà phố,near_hospital|near_market|parking
usr_1051,mid_range,buy_for_living,20-30,single,False,medium_high,Phường Hiệp Bình|Quận Thủ Đức,2,3.5,6.8,Căn hộ|Đất nền,pool|gym
usr_1052,affordable,buy_for_living,30-40,married,False,high,Quận Gò Vấp,2,2.0,2.4,Căn hộ|Nhà phố,pool|parking
usr_1053,mid_range,buy_for_living,20-30,married,False,medium_high,Quận 2,2,3.4,6.7,Nhà phố|Căn hộ,gym|sports_court
usr_1054,affordable,buy_for_living,50+,married,False,medium,Phường Long Bình,2,1.9,2.3,Căn hộ|Nhà phố,near_bus|pool
usr_1055,affordable,buy_for_living,30-40,married,False,medium,Quận Thủ Đức|Quận 3,1,1.6,2.7,Căn hộ,near_bus|parking
usr_1056,mid_range,buy_for_living,30-40,married,True,medium_high,Quận 9|Phường An Phú|Quận Tân Bình,2,3.9,7.8,Căn hộ,kids_playground|park
usr_1057,affordable,buy_for_living,20-30,single,False,medium,Quận Bình Thạnh|Quận Tân Bình|Quận 9,2,1.8,2.8,Biệt thự|Đất nền,elevator|near_metro
usr_1058,mid_range,buy_for_living,30-40,single,False,medium_high,Quận 1|Quận 4|Phường Dĩ An,2,4.2,6.7,Căn hộ,parking|near_metro
usr_1059,mid_range,buy_for_living,30-40,single,False,medium_high,Quận Thủ Đức|Quận 9|Phường Dĩ An,2,3.7,5.7,Nhà phố|Căn hộ,parking|sports_court
usr_1060,mid_range,buy_for_living,40-50,married,True,medium,Phường Dĩ An,2,4.8,6.1,Nhà phố|Căn hộ,near_school|kids_playground|park|elevator
usr_1061,affordable,buy_for_living,30-40,married,True,medium,Quận 9|Quận 7|Quận Gò Vấp,2,1.2,2.4,Biệt thự,near_hospital|sports_court
usr_1062,mid_range,buy_for_living,40-50,single,False,medium_high,Quận 7|Quận Bình Thạnh,2,4.7,7.9,Căn hộ,parking|elevator
usr_1063,affordable,buy_for_living,30-40,married,True,medium_high,Quận Thủ Đức|Phường Hiệp Bình|Phường Long Bình,2,1.7,2.7,Căn hộ|Nhà phố,near_school|kids_playground|parking|near_metro
usr_1064,affordable,investment,50+,married,True,high,Quận 1|Phường Dĩ An,2,1.6,2.7,Nhà phố,kids_playground|near_mall|near_market
usr_1065,affordable,buy_for_living,20-30,married,True,medium_high,Quận 4|Quận 2,2,1.5,2.9,Căn hộ|Biệt thự,park|near_hospital
usr_1066,affordable,buy_for_living,30-40,married,True,medium_high,Quận 7|Quận 9|Quận 1,2,2.1,2.5,Căn hộ|Biệt thự,kids_playground|near_hospital|gym|parking
usr_1067,affordable,investment,30-40,single,False,medium,Quận 3,1,1.4,2.6,Nhà phố,near_mall|near_market|security_24h|elevator
usr_1068,affordable,buy_for_living,20-30,married,False,medium,Phường Hiệp Bình|Quận 4|Quận Tân Bình,2,1.6,2.1,Nhà phố,parking|sports_court
usr_1069,mid_range,buy_for_living,30-40,married,True,high,Quận 7|Phường Hiệp Bình|Quận 1,2,3.9,6.7,Biệt thự|Căn hộ,park|near_hospital|sports_court
usr_1070,mid_range,rent,30-40,married,True,medium,Quận Bình Thạnh|Quận 1|Quận 9,2,4.1,6.1,Căn hộ,kids_playground|near_hospital
usr_1071,affordable,investment,20-30,married,False,medium,Quận 1|Quận 3,1,1.3,2.7,Căn hộ,near_market|security_24h|elevator|sports_court
usr_1072,affordable,investment,20-30,married,True,medium,Quận 7,2,2.0,3.0,Đất nền|Căn hộ,near_hospital|near_mall
usr_1073,affordable,rent,30-40,married,True,medium,Quận 2|Phường Long Bình|Quận Thủ Đức,2,1.3,2.6,Nhà phố,near_school|kids_playground|parking|near_bus
usr_1074,affordable,investment,30-40,single,False,medium_high,Quận 7|Quận Thủ Đức|Quận 9,1,1.8,2.5,Căn hộ,near_mall|near_market|security_24h|near_bus
usr_1075,mid_range,investment,30-40,single,False,medium,Quận Gò Vấp,2,5.1,7.3,Nhà phố,near_mall|security_24h
usr_1076,mid_range,investment,40-50,married,False,medium,Quận 9|Quận Gò Vấp|Quận Tân Bình,2,4.5,5.9,Nhà phố|Căn hộ,near_market|security_24h|near_metro|pool
usr_1077,luxury,rent,30-40,married,True,medium_high,Quận 4|Quận Thủ Đức|Quận Tân Bình,2,8.7,26.0,Căn hộ,near_school|kids_playground|near_hospital
usr_1078,luxury,rent,20-30,single,False,medium_high,Quận 1|Phường Dĩ An,2,13.8,27.0,Căn hộ,near_bus|sports_court
usr_1079,affordable,rent,50+,married,True,medium_high,Quận Tân Bình|Quận 2,2,1.7,2.9,Căn hộ|Đất nền,kids_playground|near_hospital
usr_1080,affordable,buy_for_living,30-40,married,False,medium,Quận 7,1,2.0,2.1,Biệt thự|Nhà phố,pool|gym
usr_1081,mid_range,investment,30-40,married,True,medium_high,Quận Bình Thạnh|Quận 7,2,5.4,6.6,Nhà phố,park|near_hospital
usr_1082,affordable,buy_for_living,20-30,married,True,high,Quận 9|Quận 7,2,1.7,2.1,Căn hộ|Nhà phố,near_school|kids_playground|park|near_metro
usr_1083,mid_range,buy_for_living,40-50,married,True,medium_high,Quận Thủ Đức|Quận Bình Thạnh,2,3.4,5.6,Căn hộ,near_school|pool
usr_1084,affordable,buy_for_living,50+,married,True,medium_high,Quận 9|Quận Thủ Đức,2,1.7,2.3,Căn hộ,near_school|kids_playground|near_hospital|near_metro
usr_1085,affordable,rent,30-40,married,True,medium,Quận Thủ Đức,2,1.4,2.5,Căn hộ,kids_playground|near_hospital
usr_1086,mid_range,investment,30-40,married,False,medium,Quận 2|Quận Thủ Đức,1,5.5,6.9,Biệt thự,near_mall|security_24h|sports_court|near_bus
usr_1087,mid_range,buy_for_living,20-30,married,True,medium_high,Quận Thủ Đức|Phường Dĩ An,2,3.5,5.9,Nhà phố|Đất nền,park|near_hospital|parking|sports_court
usr_1088,mid_range,buy_for_living,30-40,single,False,medium,Quận 2|Quận 1,1,3.8,5.6,Căn hộ,near_bus|parking
usr_1089,mid_range,investment,30-40,married,False,medium_high,Quận 2|Quận 9|Quận 1,2,4.6,5.5,Căn hộ,security_24h|elevator|near_bus
usr_1090,luxury,buy_for_living,20-30,married,True,medium,Quận Gò Vấp,2,11.6,22.0,Biệt thự|Nhà phố,park|near_bus
usr_1091,affordable,buy_for_living,30-40,single,False,high,Phường Dĩ An|Quận 3,2,2.0,2.7,Nhà phố,near_metro|sports_court
usr_1092,affordable,buy_for_living,40-50,married,True,medium,Quận 7,2,1.3,2.2,Nhà phố,kids_playground|park|gym
usr_1093,affordable,buy_for_living,30-40,married,True,medium_high,Quận Gò Vấp|Phường Dĩ An,2,1.9,2.6,Đất nền,kids_playground|gym
usr_1094,luxury,buy_for_living,20-30,married,False,medium,Phường Dĩ An|Phường An Phú|Phường Long Bình,2,13.1,28.4,Căn hộ,sports_court|near_metro
usr_1095,luxury,investment,50+,married,True,medium_high,Quận 1,2,16.5,28.6,Đất nền,kids_playground|near_hospital|security_24h|sports_court
usr_1096,affordable,investment,30-40,married,True,medium,Quận 1|Quận 2,2,1.4,2.3,Căn hộ,kids_playground|park|near_market
usr_1097,affordable,rent,30-40,single,False,medium,Quận 3|Phường Dĩ An|Quận 1,1,1.2,2.9,Căn hộ,sports_court|parking
usr_1098,affordable,buy_for_living,30-40,single,False,medium,Quận 3|Quận Tân Bình,1,1.4,2.3,Căn hộ,near_metro|gym
usr_1099,affordable,investment,40-50,married,True,medium_high,Quận 2,2,1.5,2.8,Đất nền,near_hospital|security_24h
usr_1100,mid_range,buy_for_living,30-40,married,False,medium,Quận 1|Quận Thủ Đức,2,4.3,7.6,Căn hộ,elevator|pool
usr_1101,mid_range,buy_for_living,30-40,married,True,medium_high,Quận 7,2,5.0,5.7,Nhà phố,kids_playground|park
usr_1102,luxury,buy_for_living,30-40,married,True,medium,Quận 7,2,14.5,27.1,Đất nền,park|near_bus
usr_1103,mid_range,buy_for_living,30-40,married,True,medium,Quận 3|Phường Dĩ An,2,4.0,5.6,Đất nền|Nhà phố,near_school|kids_playground|near_hospital|pool
usr_1104,luxury,buy_for_living,20-30,married,False,medium,Quận 3|Quận Thủ Đức|Quận Tân Bình,2,11.9,25.8,Nhà phố,near_metro|parking
usr_1105,mid_range,buy_for_living,40-50,married,True,medium,Phường Dĩ An|Quận 2|Quận 3,2,4.0,6.7,Căn hộ|Nhà phố,near_school|park|near_hospital|gym
usr_1106,luxury,investment,20-30,single,False,high,Quận 7|Phường An Phú,1,17.2,27.8,Nhà phố,near_mall|near_market|security_24h
usr_1107,mid_range,buy_for_living,30-40,married,True,medium_high,Quận Bình Thạnh|Quận Tân Bình,2,5.1,7.8,Căn hộ|Nhà phố,kids_playground|park|near_metro
usr_1108,mid_range,investment,40-50,single,False,medium,Phường An Phú|Quận Bình Thạnh|Quận 1,1,5.3,7.8,Căn hộ|Đất nền,near_mall|pool
usr_1109,luxury,investment,30-40,single,False,medium,Quận 7|Quận 3,2,15.0,29.9,Biệt thự|Căn hộ,security_24h|pool
usr_1110,affordable,buy_for_living,50+,married,True,high,Quận Tân Bình,2,1.9,2.5,Căn hộ|Nhà phố,near_school|kids_playground|near_hospital|gym
usr_1111,affordable,buy_for_living,40-50,married,False,medium_high,Quận 7,1,1.4,2.2,Căn hộ|Nhà phố,elevator|pool
usr_1112,mid_range,investment,20-30,married,True,high,Quận Gò Vấp,2,4.5,5.6,Nhà phố|Đất nền,near_hospital|near_market|gym|near_metro
usr_1113,mid_range,buy_for_living,40-50,married,False,medium,Quận 9,1,5.2,5.8,Căn hộ|Nhà phố,near_metro|pool
usr_1114,mid_range,investment,50+,married,True,medium_high,Quận 2,2,3.5,8.0,Căn hộ|Đất nền,kids_playground|park|sports_court
usr_1115,affordable,buy_for_living,30-40,married,True,medium_high,Quận 1,2,1.8,2.8,Biệt thự|Căn hộ,kids_playground|park|near_hospital|parking
usr_1116,mid_range,buy_for_living,50+,married,False,medium,Quận Gò Vấp|Quận 1,2,4.3,6.3,Đất nền|Căn hộ,parking|near_metro
usr_1117,affordable,investment,40-50,married,True,medium,Quận Gò Vấp|Quận Thủ Đức,2,1.9,2.3,Căn hộ|Nhà phố,near_school|near_mall|security_24h|gym
usr_1118,mid_range,investment,40-50,single,False,medium,Quận 9,1,3.5,7.6,Căn hộ|Nhà phố,near_mall|security_24h|sports_court|gym
usr_1119,mid_range,buy_for_living,50+,married,False,medium_high,Quận 1|Quận 7,1,5.4,6.8,Nhà phố,pool|sports_court
usr_1120,affordable,buy_for_living,40-50,single,False,medium_high,Quận Tân Bình|Quận 2,1,1.9,2.2,Căn hộ|Nhà phố,near_bus|parking
usr_1121,affordable,rent,30-40,married,False,high,Quận 9,1,1.5,2.9,Căn hộ|Đất nền,near_metro|pool
usr_1122,luxury,investment,30-40,married,True,medium_high,Quận Thủ Đức|Quận 9|Quận 7,2,14.5,28.2,Căn hộ,park|parking
usr_1123,affordable,investment,50+,single,False,medium_high,Quận Bình Thạnh,2,2.1,2.7,Nhà phố|Căn hộ,near_mall|near_market|security_24h|gym
usr_1124,luxury,investment,50+,married,True,high,Quận Bình Thạnh|Quận 9,2,17.7,29.7,Căn hộ|Đất nền,kids_playground|near_market|pool
usr_1125,mid_range,rent,40-50,married,False,medium,Phường An Phú,2,3.7,5.8,Căn hộ,parking|sports_court
usr_1126,affordable,investment,30-40,married,False,medium,Quận 9,2,1.4,2.2,Căn hộ|Nhà phố,sports_court|near_metro
usr_1127,affordable,investment,50+,married,False,medium_high,Quận 2,1,1.4,2.5,Căn hộ,near_market|security_24h
usr_1128,mid_range,buy_for_living,30-40,single,False,medium_high,Quận 3,1,3.9,6.2,Căn hộ|Nhà phố,pool|near_bus
usr_1129,affordable,buy_for_living,50+,married,True,medium,Quận 9|Quận 2,2,1.9,3.0,Đất nền|Căn hộ,near_school|park|near_metro|elevator
usr_1130,affordable,rent,40-50,married,True,medium,Quận 1,2,1.6,2.3,Nhà phố|Biệt thự,kids_playground|park|parking|elevator
usr_1131,affordable,investment,40-50,married,True,medium,Quận 1,2,1.4,2.4,Căn hộ,near_school|park|near_hospital|near_market
usr_1132,affordable,buy_for_living,40-50,single,False,medium,Quận Bình Thạnh|Phường Long Bình,1,1.4,2.2,Căn hộ,pool|near_bus
usr_1133,mid_range,buy_for_living,40-50,single,False,medium,Quận 9|Quận Bình Thạnh|Quận 7,1,3.9,7.0,Nhà phố,pool|gym
usr_1134,affordable,rent,30-40,married,True,medium,Quận Bình Thạnh|Quận 2|Quận Gò Vấp,2,1.9,2.6,Đất nền|Căn hộ,near_school|kids_playground
usr_1135,mid_range,buy_for_living,50+,single,False,medium_high,Quận 9|Quận Gò Vấp|Phường Dĩ An,2,4.0,5.5,Căn hộ,pool|elevator
usr_1136,affordable,rent,50+,married,True,medium_high,Quận 1|Quận 7|Quận Tân Bình,2,2.0,2.6,Căn hộ,kids_playground|near_hospital|gym|near_metro
usr_1137,affordable,buy_for_living,20-30,single,False,medium,Quận 1,1,1.9,2.6,Nhà phố,near_bus|near_metro
usr_1138,affordable,rent,30-40,married,True,high,Quận 2|Quận Tân Bình,2,2.0,3.0,Căn hộ|Nhà phố,near_metro|sports_court
usr_1139,mid_range,rent,20-30,married,True,high,Phường An Phú,2,4.5,6.7,Căn hộ,kids_playground|park|parking
usr_1140,mid_range,investment,20-30,single,False,medium,Phường Hiệp Bình,1,5.4,6.4,Căn hộ|Nhà phố,near_mall|near_market|security_24h
usr_1141,affordable,rent,40-50,single,False,high,Quận 7,2,1.7,2.8,Nhà phố,pool|sports_court
usr_1142,mid_range,buy_for_living,20-30,single,False,medium_high,Phường An Phú|Quận 4,1,5.1,7.8,Đất nền,pool|elevator
usr_1143,mid_range,buy_for_living,40-50,married,False,medium,Quận Thủ Đức|Phường Dĩ An,1,5.4,8.0,Nhà phố,parking|near_bus
usr_1144,affordable,buy_for_living,50+,married,True,medium_high,Quận 3,2,2.0,2.8,Đất nền|Căn hộ,near_school|kids_playground|park|pool
usr_1145,mid_range,buy_for_living,40-50,married,True,medium_high,Quận Bình Thạnh|Phường Long Bình,2,4.2,5.8,Nhà phố|Biệt thự,gym|near_metro
usr_1146,affordable,buy_for_living,50+,married,True,medium,Quận 9|Quận 1|Quận 7,2,1.7,3.0,Nhà phố,park|pool
usr_1147,mid_range,investment,20-30,married,True,medium,Quận Bình Thạnh|Quận Thủ Đức|Quận 9,2,4.9,7.3,Căn hộ|Nhà phố,near_school|park|security_24h
usr_1148,affordable,investment,40-50,married,False,medium_high,Quận 2,2,1.4,2.4,Căn hộ,near_mall|parking
usr_1149,affordable,rent,30-40,single,False,high,Quận 9|Quận 7|Quận 1,2,1.2,2.7,Căn hộ|Đất nền,near_metro|parking
usr_1150,affordable,buy_for_living,50+,married,False,high,Phường Dĩ An|Quận Tân Bình|Quận Bình Thạnh,2,1.9,2.5,Đất nền|Nhà phố,pool|elevator
usr_1151,affordable,buy_for_living,40-50,married,True,high,Quận 2|Quận Bình Thạnh|Quận 3,2,1.7,2.6,Đất nền,near_school|near_hospital|gym
usr_1152,affordable,rent,30-40,single,False,medium,Quận Bình Thạnh,1,1.9,2.9,Căn hộ,sports_court|parking
usr_1153,affordable,investment,30-40,single,False,medium_high,Quận Gò Vấp,2,1.5,2.5,Nhà phố,near_market|security_24h|gym
usr_1154,affordable,investment,40-50,married,True,medium_high,Phường Long Bình,2,1.8,2.9,Nhà phố,near_hospital|gym
usr_1155,mid_range,buy_for_living,50+,married,True,medium_high,Quận 2,2,3.5,6.8,Nhà phố,park|elevator
usr_1156,mid_range,investment,20-30,single,False,medium_high,Phường Long Bình,2,4.8,6.1,Nhà phố,near_mall|parking
usr_1157,mid_range,buy_for_living,20-30,married,True,medium_high,Phường Hiệp Bình|Quận 9|Phường An Phú,2,3.9,7.0,Nhà phố|Căn hộ,near_school|park|near_hospital
usr_1158,affordable,buy_for_living,50+,single,False,medium,Quận 3,1,2.0,2.2,Đất nền|Căn hộ,near_metro|parking
usr_1159,mid_range,buy_for_living,40-50,single,False,medium_high,Quận 1|Quận Tân Bình,2,5.0,7.2,Nhà phố,near_bus|near_metro
usr_1160,luxury,investment,30-40,single,False,medium,Quận 4|Quận 2,1,8.3,27.5,Căn hộ|Đất nền,near_mall|security_24h
usr_1161,affordable,rent,40-50,married,True,medium_high,Quận Tân Bình,2,1.4,2.3,Nhà phố,pool|elevator
usr_1162,affordable,buy_for_living,50+,married,True,medium,Quận Thủ Đức|Quận 7|Quận 1,2,1.7,2.1,Căn hộ,sports_court|pool
usr_1163,luxury,investment,40-50,married,True,medium,Quận Thủ Đức|Quận 3,2,8.9,26.7,Căn hộ,near_hospital|near_mall
usr_1164,luxury,buy_for_living,20-30,married,True,medium_high,Quận 1,2,8.1,25.5,Nhà phố,near_school|park|near_hospital|near_bus
usr_1165,affordable,rent,30-40,single,False,medium,Quận Thủ Đức|Phường Dĩ An,1,1.5,2.7,Nhà phố|Đất nền,parking|near_metro
usr_1166,affordable,buy_for_living,30-40,married,True,medium,Quận 1,2,1.7,2.6,Nhà phố,near_school|kids_playground|park|gym
usr_1167,mid_range,buy_for_living,40-50,single,False,high,Quận 3|Quận 9|Quận 1,2,3.6,6.5,Căn hộ,gym|pool
usr_1168,affordable,buy_for_living,20-30,married,False,medium_high,Quận 9,2,2.0,2.5,Căn hộ,gym|parking
usr_1169,affordable,investment,20-30,married,False,medium_high,Quận 4,1,2.0,2.7,Nhà phố,near_mall|near_market|gym
usr_1170,mid_range,investment,30-40,married,True,medium_high,Quận 1,2,5.3,6.7,Nhà phố|Căn hộ,near_school|park|near_mall
usr_1171,affordable,buy_for_living,20-30,married,False,medium,Quận 4|Quận Thủ Đức,2,1.7,2.5,Căn hộ|Nhà phố,parking|pool
usr_1172,affordable,buy_for_living,30-40,married,True,high,Quận 9|Quận 2,2,1.6,2.9,Căn hộ|Nhà phố,park|near_hospital|pool
usr_1173,affordable,investment,20-30,single,False,high,Quận Thủ Đức,1,1.7,2.8,Căn hộ,near_metro|elevator
usr_1174,affordable,buy_for_living,30-40,single,False,medium_high,Quận 9|Quận 7,2,1.5,2.5,Nhà phố,gym|sports_court
usr_1175,affordable,buy_for_living,30-40,married,True,medium,Quận Bình Thạnh|Quận 2,2,1.4,2.7,Nhà phố,near_school|near_bus
usr_1176,affordable,buy_for_living,50+,single,False,medium_high,Quận 2,1,1.4,2.5,Căn hộ,elevator|sports_court
usr_1177,affordable,rent,40-50,married,True,medium_high,Quận Gò Vấp|Quận 1|Phường Hiệp Bình,2,1.8,2.5,Nhà phố,park|near_hospital|elevator
usr_1178,affordable,rent,40-50,married,True,medium_high,Quận 9,2,1.8,2.4,Nhà phố|Căn hộ,park|elevator
usr_1179,affordable,buy_for_living,30-40,married,True,medium_high,Quận 3|Quận 9,2,1.8,2.1,Căn hộ,kids_playground|park|near_hospital|sports_court
usr_1180,mid_range,buy_for_living,50+,married,True,medium,Quận 9|Quận 1|Phường Long Bình,2,3.3,5.9,Căn hộ|Biệt thự,near_hospital|pool
usr_1181,mid_range,buy_for_living,40-50,married,True,high,Quận 7,2,5.1,6.6,Đất nền,kids_playground|near_hospital|elevator|pool
usr_1182,mid_range,rent,20-30,single,False,medium_high,Quận 2,1,4.0,5.6,Căn hộ|Biệt thự,gym|elevator
usr_1183,affordable,investment,40-50,single,False,medium_high,Quận Thủ Đức|Quận Bình Thạnh,1,1.8,2.2,Căn hộ,near_mall|security_24h|parking
usr_1184,affordable,investment,40-50,married,True,high,Quận 7|Quận Tân Bình,2,2.0,2.8,Căn hộ|Đất nền,kids_playground|near_hospital|near_market
usr_1185,affordable,buy_for_living,20-30,single,False,high,Quận 7|Phường Long Bình|Quận Thủ Đức,1,2.1,2.8,Căn hộ,parking|elevator
usr_1186,affordable,buy_for_living,20-30,married,True,high,Quận 3|Quận 7,2,1.8,2.4,Căn hộ|Nhà phố,near_school|kids_playground|park|near_hospital
usr_1187,affordable,investment,50+,single,False,medium,Quận Thủ Đức|Quận 3,1,1.3,2.9,Đất nền|Căn hộ,near_market|security_24h|near_metro
usr_1188,affordable,buy_for_living,30-40,single,False,medium,Quận 9,2,1.4,2.5,Căn hộ|Nhà phố,sports_court|elevator
usr_1189,affordable,investment,30-40,married,False,medium_high,Phường Dĩ An,1,1.7,2.1,Nhà phố,near_mall|near_market|near_metro|elevator
usr_1190,affordable,rent,30-40,single,False,medium_high,Phường Long Bình|Quận 3|Quận 4,2,1.9,2.4,Căn hộ|Nhà phố,elevator|near_bus
usr_1191,affordable,rent,40-50,married,True,medium,Phường Long Bình,2,2.1,2.6,Đất nền|Căn hộ,near_school|park|pool
usr_1192,affordable,buy_for_living,40-50,single,False,high,Quận 3|Quận Thủ Đức,1,1.7,2.6,Nhà phố|Căn hộ,near_bus|elevator
usr_1193,mid_range,buy_for_living,20-30,single,False,medium,Phường Long Bình,1,5.4,5.9,Nhà phố,gym|sports_court
usr_1194,affordable,buy_for_living,30-40,married,True,medium_high,Phường Dĩ An|Quận 9,2,1.3,2.5,Nhà phố,kids_playground|elevator|near_bus
usr_1195,mid_range,buy_for_living,30-40,single,False,medium_high,Quận Thủ Đức,1,5.1,5.8,Căn hộ,parking|pool
usr_1196,mid_range,investment,20-30,single,False,medium_high,Quận Thủ Đức|Quận 3|Phường Dĩ An,2,5.3,7.8,Nhà phố,near_mall|security_24h|parking|near_metro
usr_1197,mid_range,buy_for_living,40-50,married,False,medium_high,Phường Dĩ An|Quận 7,2,3.9,5.5,Căn hộ|Đất nền,gym|pool
usr_1198,affordable,buy_for_living,30-40,married,False,medium_high,Quận Tân Bình|Quận 7,1,1.9,2.5,Biệt thự,elevator|near_metro
usr_1199,mid_range,investment,50+,married,False,medium_high,Quận Thủ Đức|Quận 1,2,3.5,5.8,Căn hộ|Đất nền,security_24h|sports_court
usr_1200,mid_range,buy_for_living,20-30,married,True,medium,Quận 7,2,3.8,5.7,Căn hộ,near_school|kids_playground|parking
usr_1201,mid_range,rent,50+,married,True,medium,Quận Tân Bình|Quận Bình Thạnh|Quận 9,2,4.0,7.4,Căn hộ|Nhà phố,park|pool
usr_1202,affordable,buy_for_living,40-50,single,False,medium_high,Phường Dĩ An|Quận 2|Quận 7,1,1.4,2.7,Căn hộ|Nhà phố,elevator|pool
usr_1203,affordable,buy_for_living,40-50,married,True,medium,Quận 2,2,1.7,2.4,Biệt thự|Căn hộ,park|gym
usr_1204,affordable,investment,30-40,married,True,medium_high,Quận 9|Quận Bình Thạnh|Quận Thủ Đức,2,1.6,2.9,Căn hộ|Nhà phố,park|near_mall|security_24h
usr_1205,mid_range,buy_for_living,20-30,single,False,medium_high,Phường Dĩ An|Quận 4|Quận 1,2,4.1,8.0,Đất nền|Căn hộ,near_metro|pool
usr_1206,affordable,buy_for_living,20-30,single,False,medium,Quận 1|Quận Thủ Đức,1,1.7,2.4,Nhà phố,near_metro|elevator
usr_1207,affordable,investment,30-40,married,True,medium,Quận 7|Quận 3|Quận 9,2,1.6,2.5,Nhà phố|Đất nền,kids_playground|near_market
usr_1208,mid_range,investment,20-30,single,False,high,Quận 1,1,4.2,7.4,Căn hộ,near_mall|security_24h|elevator
usr_1209,mid_range,investment,40-50,single,False,medium,Quận 2|Phường Dĩ An|Quận 7,1,4.7,7.2,Căn hộ|Đất nền,near_mall|near_market|security_24h|parking
usr_1210,affordable,rent,30-40,married,False,medium,Quận Bình Thạnh,1,1.7,2.7,Nhà phố,pool|sports_court
usr_1211,mid_range,buy_for_living,20-30,single,False,medium_high,Quận 1|Quận Tân Bình|Quận 4,2,4.9,7.7,Căn hộ|Nhà phố,elevator|parking
usr_1212,mid_range,buy_for_living,30-40,single,False,high,Quận Gò Vấp|Quận Bình Thạnh|Quận 2,2,3.6,6.6,Căn hộ|Nhà phố,elevator|near_metro
usr_1213,affordable,buy_for_living,30-40,married,True,medium_high,Phường Dĩ An|Quận 9|Quận Bình Thạnh,2,1.7,2.3,Nhà phố|Căn hộ,kids_playground|park|near_hospital
usr_1214,affordable,investment,30-40,married,False,medium_high,Phường An Phú|Phường Hiệp Bình|Quận Gò Vấp,2,1.3,3.0,Căn hộ|Nhà phố,near_market|elevator
usr_1215,affordable,buy_for_living,20-30,married,True,high,Quận 1|Quận Thủ Đức,2,2.1,2.1,Căn hộ,near_hospital|elevator|gym
usr_1216,affordable,investment,20-30,married,True,medium,Quận 3|Quận 4|Phường Long Bình,2,1.9,2.6,Đất nền,kids_playground|park|security_24h
usr_1217,affordable,buy_for_living,40-50,married,True,high,Phường Long Bình,2,1.5,3.0,Nhà phố,near_school|near_hospital|pool
usr_1218,affordable,investment,20-30,married,False,medium_high,Phường Dĩ An,1,1.2,2.4,Nhà phố,near_market|security_24h|gym
usr_1219,luxury,buy_for_living,30-40,married,True,medium_high,Quận Gò Vấp|Quận Thủ Đức,2,9.6,28.5,Căn hộ,park|sports_court
usr_1220,affordable,investment,30-40,married,True,medium_high,Quận 9,2,1.9,2.6,Nhà phố,near_hospital|parking
usr_1221,affordable,buy_for_living,20-30,single,False,medium,Quận 1,1,1.4,2.3,Căn hộ|Nhà phố,pool|gym
usr_1222,mid_range,buy_for_living,20-30,single,False,medium,Quận Thủ Đức|Quận Gò Vấp,2,3.6,5.9,Căn hộ,sports_court|elevator
usr_1223,mid_range,investment,30-40,single,False,medium_high,Quận 9|Quận Tân Bình|Quận 2,2,4.7,7.0,Nhà phố|Căn hộ,near_mall|near_market|security_24h|pool
usr_1224,affordable,investment,20-30,single,False,medium,Quận 7|Quận 1,1,1.9,2.9,Căn hộ,near_mall|near_market|security_24h|elevator
usr_1225,affordable,buy_for_living,50+,single,False,medium,Quận 1,1,1.5,2.9,Căn hộ|Đất nền,near_metro|near_bus
usr_1226,mid_range,buy_for_living,20-30,married,False,medium_high,Quận 1|Phường Hiệp Bình|Quận Bình Thạnh,2,4.7,8.0,Căn hộ|Nhà phố,gym|sports_court
usr_1227,mid_range,investment,20-30,married,True,high,Quận 4|Quận 1,2,5.2,7.1,Căn hộ|Nhà phố,near_hospital|security_24h|near_metro
usr_1228,affordable,investment,30-40,married,True,medium_high,Quận 4|Quận 2|Quận Bình Thạnh,2,2.1,2.1,Biệt thự,park|near_market
usr_1229,mid_range,investment,30-40,married,True,medium_high,Quận 1|Quận Thủ Đức|Quận 7,2,3.4,7.8,Căn hộ,near_school|near_market
usr_1230,affordable,rent,40-50,married,False,medium,Quận 1|Quận 3,1,1.4,3.0,Nhà phố,gym|elevator
usr_1231,affordable,buy_for_living,30-40,married,True,medium_high,Quận 3,2,1.4,2.5,Nhà phố|Căn hộ,kids_playground|park|near_hospital|near_metro
usr_1232,mid_range,buy_for_living,20-30,single,True,high,Phường Long Bình|Quận Gò Vấp|Quận 7,2,4.5,7.0,Căn hộ|Nhà phố,near_school|park
usr_1233,affordable,buy_for_living,30-40,single,False,medium_high,Quận 7,2,1.7,2.2,Căn hộ,near_bus|near_metro
usr_1234,affordable,buy_for_living,30-40,married,True,medium,Quận Thủ Đức|Quận 1|Quận 3,2,2.1,2.7,Căn hộ,park|near_bus|pool
usr_1235,affordable,buy_for_living,40-50,single,False,high,Quận 7|Quận Bình Thạnh|Quận 1,1,2.1,3.0,Căn hộ|Đất nền,sports_court|pool
usr_1236,mid_range,buy_for_living,20-30,single,False,medium,Quận Thủ Đức,2,3.5,6.3,Đất nền|Nhà phố,near_metro|pool
usr_1237,affordable,investment,20-30,married,True,medium_high,Quận Thủ Đức|Quận 1,2,1.9,2.9,Căn hộ|Nhà phố,near_school|near_mall|near_market
usr_1238,luxury,investment,30-40,married,True,medium_high,Quận 9,2,10.1,29.3,Nhà phố,near_mall|security_24h
usr_1239,affordable,rent,20-30,married,True,medium,Quận 9,2,1.6,2.3,Căn hộ,kids_playground|sports_court
usr_1240,affordable,buy_for_living,30-40,married,True,medium_high,Quận 2,2,2.0,2.9,Đất nền|Căn hộ,near_school|parking
usr_1241,mid_range,buy_for_living,30-40,single,False,medium_high,Quận Gò Vấp,1,4.3,7.5,Nhà phố|Căn hộ,near_metro|sports_court
usr_1242,mid_range,investment,40-50,married,True,medium_high,Quận Gò Vấp|Quận 1|Quận 9,2,4.0,7.9,Căn hộ|Nhà phố,near_school|near_market|near_bus
usr_1243,affordable,investment,50+,married,True,medium_high,Quận Bình Thạnh,2,1.6,2.3,Nhà phố|Căn hộ,near_hospital|security_24h
usr_1244,mid_range,buy_for_living,20-30,married,False,medium_high,Quận 9,2,3.4,5.7,Nhà phố,gym|near_metro
usr_1245,affordable,buy_for_living,20-30,married,True,medium_high,Quận Thủ Đức|Phường Dĩ An|Quận 2,2,1.5,2.9,Nhà phố,near_school|kids_playground|park|near_bus
usr_1246,affordable,buy_for_living,40-50,married,False,medium_high,Quận 1,1,1.3,2.7,Nhà phố,parking|pool
usr_1247,mid_range,buy_for_living,30-40,married,False,medium,Quận 2|Phường Long Bình|Phường An Phú,1,4.0,6.4,Biệt thự|Căn hộ,sports_court|gym
usr_1248,mid_range,investment,30-40,married,True,medium_high,Quận 1|Quận Thủ Đức,2,4.7,7.7,Căn hộ,near_school|near_hospital|near_bus
usr_1249,affordable,investment,30-40,married,False,high,Quận Thủ Đức|Phường Long Bình|Phường Dĩ An,1,1.8,2.8,Nhà phố,sports_court|parking
usr_1250,luxury,rent,20-30,married,True,medium_high,Quận Tân Bình|Quận 7,2,10.0,29.4,Căn hộ|Nhà phố,park|pool
usr_1251,affordable,buy_for_living,20-30,married,True,medium,Quận Bình Thạnh|Quận 7,2,2.0,2.9,Căn hộ|Nhà phố,near_school|kids_playground|park|near_hospital
usr_1252,affordable,investment,20-30,married,True,medium,Quận Thủ Đức|Quận 3|Quận 1,2,2.0,2.1,Đất nền,kids_playground|near_market|security_24h|parking
usr_1253,affordable,buy_for_living,40-50,married,False,medium,Quận Thủ Đức|Quận 4,1,1.4,2.9,Căn hộ|Đất nền,near_metro|parking
usr_1254,affordable,investment,50+,married,False,medium_high,Quận Gò Vấp|Quận 7|Quận Tân Bình,2,1.9,2.8,Căn hộ,near_mall|sports_court
usr_1255,affordable,investment,20-30,single,False,medium,Quận 2|Quận 7,1,1.4,2.7,Nhà phố,near_mall|near_market
usr_1256,mid_range,investment,30-40,single,False,medium,Quận 9,2,3.8,7.8,Biệt thự|Đất nền,near_mall|near_market|pool|gym
usr_1257,affordable,buy_for_living,20-30,married,False,high,Quận Thủ Đức|Quận Tân Bình|Quận 3,1,1.7,2.2,Căn hộ|Nhà phố,parking|elevator
usr_1258,affordable,buy_for_living,30-40,married,False,medium_high,Quận 1|Quận Tân Bình|Quận 9,2,1.3,2.5,Biệt thự,sports_court|gym
usr_1259,affordable,buy_for_living,30-40,married,True,medium,Quận 9,2,1.9,2.3,Căn hộ,near_hospital|near_metro
usr_1260,affordable,buy_for_living,30-40,single,False,medium,Quận 3,2,1.4,2.7,Căn hộ,near_metro|parking
usr_1261,affordable,buy_for_living,40-50,single,False,medium_high,Quận Gò Vấp|Quận 7|Phường Dĩ An,2,1.9,2.2,Biệt thự,gym|near_metro
usr_1262,mid_range,investment,30-40,single,False,medium_high,Quận 3|Quận Gò Vấp,2,3.5,5.6,Biệt thự,parking|sports_court
usr_1263,affordable,investment,30-40,married,True,high,Quận 9|Quận 1,2,1.5,2.5,Đất nền,near_hospital|near_bus
usr_1264,affordable,buy_for_living,20-30,single,False,medium,Quận Bình Thạnh|Quận 2,2,1.6,2.3,Đất nền,parking|near_bus
usr_1265,mid_range,buy_for_living,40-50,married,True,medium,Quận 4|Quận 7|Quận 3,2,5.5,5.6,Nhà phố|Căn hộ,near_school|kids_playground|park|gym
usr_1266,affordable,investment,40-50,single,True,medium_high,Quận Thủ Đức|Quận 3|Quận 7,2,1.8,2.1,Căn hộ,kids_playground|near_market|pool
usr_1267,mid_range,buy_for_living,30-40,single,False,medium_high,Quận 3|Phường An Phú|Quận 1,2,4.1,8.0,Căn hộ|Nhà phố,gym|sports_court
usr_1268,affordable,investment,20-30,married,True,medium_high,Quận 3|Quận 1,2,1.7,2.8,Nhà phố|Biệt thự,kids_playground|near_market|sports_court
usr_1269,mid_range,buy_for_living,20-30,single,False,high,Quận 2|Quận Gò Vấp,1,4.9,6.7,Căn hộ,sports_court|near_bus
usr_1270,mid_range,rent,40-50,single,False,high,Phường Hiệp Bình|Quận 9,1,3.6,6.5,Căn hộ|Đất nền,near_bus|near_metro
usr_1271,mid_range,investment,30-40,married,True,medium_high,Quận Gò Vấp|Quận 7,2,3.3,7.8,Căn hộ|Đất nền,near_school|near_mall|near_market
usr_1272,affordable,buy_for_living,40-50,married,True,medium,Quận Gò Vấp,2,1.6,2.3,Căn hộ,near_school|near_hospital|parking
usr_1273,mid_range,rent,30-40,married,True,medium,Quận 2|Quận 9|Quận 1,2,4.7,5.9,Nhà phố,kids_playground|park|near_hospital|sports_court
usr_1274,affordable,rent,40-50,single,False,medium,Phường An Phú,2,1.9,2.9,Nhà phố|Đất nền,elevator|gym
usr_1275,affordable,investment,40-50,single,False,medium,Quận 1,2,2.0,2.5,Căn hộ,security_24h|pool
usr_1276,mid_range,buy_for_living,20-30,single,False,high,Quận 2|Phường An Phú,1,3.8,6.0,Căn hộ,parking|near_bus
usr_1277,mid_range,buy_for_living,30-40,married,True,medium_high,Quận 2,2,3.8,7.3,Nhà phố|Căn hộ,near_school|park
usr_1278,affordable,rent,30-40,married,True,medium,Quận 9|Quận Tân Bình|Quận Gò Vấp,2,1.8,2.5,Biệt thự,kids_playground|gym
usr_1279,affordable,buy_for_living,30-40,single,False,medium,Quận 7|Quận Tân Bình,2,1.7,2.2,Căn hộ|Nhà phố,pool|elevator
usr_1280,affordable,buy_for_living,50+,single,False,medium_high,Phường An Phú|Phường Long Bình|Quận Bình Thạnh,2,1.8,2.3,Căn hộ|Nhà phố,pool|elevator
usr_1281,mid_range,buy_for_living,40-50,single,False,medium,Phường Dĩ An|Quận 9|Quận 1,2,4.5,6.5,Đất nền,near_bus|near_metro
usr_1282,affordable,buy_for_living,50+,single,False,medium,Quận Gò Vấp,1,2.1,2.1,Căn hộ,near_bus|gym
usr_1283,affordable,investment,50+,married,False,medium,Quận 1|Quận 3|Quận Bình Thạnh,2,1.4,2.3,Nhà phố,near_market|parking|pool
usr_1284,affordable,investment,30-40,married,True,medium_high,Quận 2|Quận 3,2,2.1,2.4,Biệt thự,near_school|near_hospital|security_24h|parking
usr_1285,mid_range,investment,20-30,single,False,medium_high,Quận 4|Quận Bình Thạnh,2,3.9,6.7,Đất nền|Căn hộ,near_mall|near_market|security_24h|parking
usr_1286,affordable,investment,20-30,married,False,medium_high,Quận Gò Vấp,2,1.2,2.5,Nhà phố,near_mall|security_24h
usr_1287,affordable,buy_for_living,20-30,single,False,medium,Quận 4,2,1.9,2.2,Nhà phố,pool|near_bus
usr_1288,mid_range,buy_for_living,30-40,married,True,medium_high,Quận Gò Vấp|Phường Dĩ An|Quận 7,2,4.0,6.5,Căn hộ,near_school|near_hospital|near_bus|elevator
usr_1289,luxury,buy_for_living,50+,married,True,medium_high,Quận Bình Thạnh,2,14.1,19.4,Nhà phố,near_school|parking
usr_1290,affordable,buy_for_living,20-30,married,True,medium_high,Quận 7,2,1.3,2.7,Nhà phố|Căn hộ,park|near_bus
usr_1291,affordable,rent,30-40,single,False,medium_high,Quận Bình Thạnh,2,1.7,2.7,Đất nền,pool|near_metro
usr_1292,affordable,rent,30-40,married,True,medium_high,Quận 3,2,2.1,2.6,Nhà phố|Căn hộ,near_school|kids_playground|near_metro
usr_1293,affordable,buy_for_living,30-40,single,False,medium,Quận Bình Thạnh,1,1.3,2.8,Căn hộ|Nhà phố,pool|near_metro
usr_1294,affordable,buy_for_living,30-40,married,True,medium_high,Quận 1,2,1.3,2.6,Đất nền|Nhà phố,near_school|kids_playground|park|sports_court
usr_1295,mid_range,investment,20-30,single,False,high,Quận Bình Thạnh|Quận 1,2,3.2,7.1,Căn hộ,near_mall|near_market
usr_1296,affordable,investment,30-40,married,True,medium,Quận Gò Vấp|Quận Bình Thạnh|Quận 2,2,2.0,3.0,Căn hộ|Nhà phố,near_school|kids_playground|park|near_bus
usr_1297,affordable,investment,40-50,single,False,high,Quận 4,1,2.0,2.1,Nhà phố,near_mall|security_24h|near_metro|gym
usr_1298,affordable,investment,20-30,married,False,medium_high,Phường Dĩ An|Quận 4,2,1.7,2.9,Căn hộ,near_mall|security_24h|parking|near_metro
usr_1299,affordable,buy_for_living,30-40,single,False,medium_high,Quận 4|Phường Dĩ An|Quận Tân Bình,2,1.3,2.1,Nhà phố|Căn hộ,elevator|near_bus
